{
    "constellationName": "simple",
    "piles": [
        {
            "type": 0,
            "pos": {
                "x": 2.377070426940918,
                "y": 0.0,
                "z": 1.6403799057006837
            },
            "rot": {
                "x": 0.0,
                "y": 299.8200988769531,
                "z": 0.0
            }
        },
        {
            "type": 0,
            "pos": {
                "x": -1.6229779720306397,
                "y": 0.0,
                "z": 1.8516144752502442
            },
            "rot": {
                "x": 0.0,
                "y": 62.608760833740237,
                "z": 0.0
            }
        }
    ]
}